{
  "results": [
    {
      "fold": 0,
      "seed": 42,
      "r": 0.6953,
      "scaled_r": 0.6953,
      "scale": 1.3078
    },
    {
      "fold": 1,
      "seed": 123,
      "r": 0.5018,
      "scaled_r": 0.5018,
      "scale": 0.7089
    },
    {
      "fold": 2,
      "seed": 999,
      "r": 0.8017,
      "scaled_r": 0.8017,
      "scale": 1.3545
    }
  ],
  "summary": {
    "r_mean": 0.6662666666666667,
    "r_std": 0.12414293732987344,
    "scaled_r_mean": 0.6662666666666667,
    "scaled_r_std": 0.12414293732987344
  }
}