{
  "results": [
    {
      "fold": 0,
      "r": 0.6650483139844489,
      "mae": 2254.4548270101664,
      "mae_per_pixel": 2.2016160420021156,
      "scale": 1.358567827858735,
      "val_loss": 0.08251839672063918
    },
    {
      "fold": 1,
      "r": 0.42372932438077154,
      "mae": 2817.460146817294,
      "mae_per_pixel": 2.751425924626264,
      "scale": 1.5187748002437471,
      "val_loss": 0.16391163900367578
    },
    {
      "fold": 2,
      "r": 0.5782237727545524,
      "mae": 2820.309088533575,
      "mae_per_pixel": 2.7542080942710694,
      "scale": 1.5224281328314822,
      "val_loss": 0.12422912551979111
    }
  ],
  "summary": {
    "r_mean": 0.5556671370399243,
    "r_std": 0.09980085185644044,
    "mae_mean": 2630.7413541203455,
    "mae_std": 266.07729701561686,
    "mae_per_pixel_mean": 2.56908335363315,
    "mae_per_pixel_std": 0.25984111036681334,
    "scale_mean": 1.4665902536446547,
    "scale_std": 0.07639794964201181
  }
}